name,region,website,email,channel,notes
가언세무회계,서울 중구,https://eontax.kr/,mail@eontax.kr,email|webform,대표세무사 1인형 기장·신고 명시 웹문의
가인세무회계,서울 성동구,https://taxinside.co.kr/,gaintax@taxinside.co.kr,email|webform,독립 소형 기장대리 중심 온라인 상담폼
배정훈 세무사 사무소 (JH TAX),경기 고양,https://jhtax.co.kr/,baejh1212@gmail.com,email,개인 사무소 기장·신고 이메일 공개
기세세무회계,서울 송파,https://forcetax.co.kr/,forcetax00@gmail.com,email,대표세무사 1인 세무기장·급여신고
대해회계사무소,서울 강남,https://www.taxcpa.co.kr/,daehaeacc@daehaeacc.com,email|webform,소규모 회계사 사무소 기장·상담폼
세무회계 겸산,서울 강서,http://gstax.kr/,tax_hoon@naver.com,email|webform,로컬 기장 사무소 온라인 상담문의
위드세무회계,세종,https://withsemu.com/,withsemu@withsemu.net,email|kakao:@위드세무회계,중소형 기장팀 카카오·이메일 공개
세무법인대교,서울 영등포,https://tax6949.oopy.io/,tax6949@naver.com,email,기장 상담·서류 안내 이메일·카톡 명시
삼인세무회계,서울 영등포,https://sitna.kr/,cptaljm@naver.com,email,소형 전문가 그룹 이메일·카톡 ID 공개
세무사무소 다빈,경기 안양,http://dabintax.co.kr/Contact,,webform,개인사업자 월기장 요금 공개형 소형 숍 상담폼
오아시스 세무회계,서울 강남,https://oasistax.co.kr/contact-location/,oasistax@oasistax.co.kr,email|webform,기장·경정청구 상담유형 웹폼
광화문 세무회계,서울 종로,https://ghmtax.com/,jhlee@ghmtax.com,email|webform,1인 대표세무사 사무소 이메일·상담신청
온택스 이주영 세무회계사무소,경남 양산,https://on-tax.kr/,ontaxservice@gmail.com,email,부산·울산·경남 기장 개인사업자형 소형
세무법인 영진,서울 강남,https://youngjintax.com/contact/,,webform,기장·신고 상담 웹폼(이메일 마스킹)
지성세무회계사무소,세종,https://jsstar.co.kr/,js@jsstar.co.kr,email|webform,지역 독립 사무소 장부기장·문의폼
신성세무회계사무소,서울 강서,https://kangtax.co.kr/,sinsungtax50@daum.net,email|webform,소상공인·기장 IT솔루션 무료상담폼
평택세무회계사무소,경기 평택,http://www.pttax.co.kr/,pttax1004@naver.com,email,로컬 1인 회계사 사무소 기장대리
SJ TAX (에스제이택스),전북 군산,http://www.ksjtax.co.kr/CONTACT,tax1282@naver.com,email|webform|kakao:_BPAjG,지역 기장·병의원 웹폼+이메일
더감세무회계,경기 성남(위례),https://thegamtax.tistory.com/,thegamtax@daum.net,email,단독 세무사 기장대리 블로그 이메일 공개
세무회계 환희,서울 영등포,https://taxdelight.co.kr/,admin@taxdelight.co.kr,email|webform,작은 사무소·대표 직접 표방 기장·웹폼
서찬영 세무회계 사무소,서울 용산,https://www.semusa.org/taxxy/,tax@semusa.org,email,1인 사무소 사이트 푸터 이메일
세무법인시완,서울 강남,https://www.seewantax.com/location/index.jsp,seewantax@daum.net,email|kakao:https://pf.kakao.com/_PSxoJG/chat,단일 역삼 오피스 메일·카카오
시냇가에심은나무 세무회계,대전 서구,https://riversidetax.co.kr/,scholarsay@naver.com,email|webform|kakao:https://pf.kakao.com/_KxcsxoG,대표세무사형 세무상담 웹폼
세무회계 세아,서울 강남,https://www.seah.io/about,contact@seah.io,email,세무사+CPA 소형팀 창업~운영 기장
조우 세무회계사무소,서울 서초,https://jowootax.com/18,tax3522@naver.com,email|webform|kakao:https://pf.kakao.com/_fCqxnxj,독립 사무소 세무기장·문의·카카오
김선일세무회계사무소,경기 고양(일산),https://sun1tax.com/,bonobono0108@naver.com,email|webform,1:1 세무 파트너 표방 기장·문의폼
이산세무법인,경기 성남(분당),http://isantax.co.kr/1_5.php,pck@isantax.com,email|webform,단일 오피스 지역 법인 이메일 공개
세무회계더함 (안정훈),부산 해운대,https://www.semutong.com/experts/851ffa2d-ff0d-11ee-a54b-0234ef9a3458,cta_theham@naver.com,email,소형 대표세무사 세무기장(공개 프로필 이메일)
다원세무회계,경기 수원(광교),https://enjoytax.net/,,webform,대표세무사 직접 검토 기장·웹/카톡 상담
메이플세무회계사무소,경기 부천,https://buchon.etranstax.co.kr/,,webform,부천 로컬 기장 온라인 상담·견적 게시판
